Country_Code,ICAO_Code,Category_Code,Description,Latitude,Longitude
ZA,FAAB,AD,Alexander Bay,-28.57331667,16.53433611
ZA,FABM,AD,Bethlehem,-28.24861111,28.33611111
ZA,FABW,AD,Karoo Gateway,-32.3,22.66666667
ZA,FACF,AD,St Francis Field,-34.18777778,24.83166667
ZA,FAFO,AD,Fort Beaufort,-32.79078197,26.57738517
ZA,FAGC,AD,Grand Central,-25.98706667,28.14054722
ZA,FAGY,AD,Greytown,-29.12151944,30.58725556
ZA,FAHG,AD,Heidelberg,-26.50776111,28.39101111
ZA,FAHL,AD,Hluhluwe,-28.01388889,32.275
ZA,FALY,AD,Ladysmith,-28.57991389,29.75273889
ZA,FAMG,AD,Margate,-30.85736667,30.34302778
ZA,FAMJ,AD,Majuba Power Station,-27.08305556,29.785
ZA,FAMN,AD,Malelane,-25.47333333,31.56555556
ZA,FANC,AD,Newcastle,-27.77277778,29.97638889
ZA,FAOH,AD,Oudtshoorn,-33.6,22.18333333
ZA,FAPA,AD,Port Alfred,-33.56038333,26.87796667
ZA,FAPF,AD,Piet Retief,-27.00222222,30.84388889
ZA,FAPG,AD,Plettenberg Bay,-34.08815833,23.32861667
ZA,FAPH,AD,Phalaborwa,-23.93607778,31.15509444
ZA,FAPL,AD,Pongola,-27.36161389,31.605525
ZA,FAPS,AD,Potchefstroom,-26.66829167,27.08410833
ZA,FARB,AD,Richardsbay,-28.74018056,32.09338333
ZA,FASC,AD,Secunda,-26.52055556,29.17222222
ZA,FASS,AD,Sishen,-27.65,23
ZA,FASZ,AD,Skukuza,-24.96132222,31.588825
ZA,FATF,AD,Tommy's Field,-28.26666667,23
ZA,FATT,AD,Tutuka Power Station,-26.77855646,29.33839964
ZA,FATW,AD,Tswalu Game Reserve,-27.20280556,22.48083333
ZA,FATZ,AD,Tzaneen,-23.83,30.31666667
ZA,FAUL,AD,Ulundi,-28.31947222,31.41705556
ZA,FAVM,AD,Venetia Mine,-22.44898056,29.33501667
ZA,FAVV,AD,Vereeniging,-26.575,27.9625
ZA,FAWI,AD,Witbank,-25.83377778,29.192625
ZA,FAAG,AD,Aggeneys,-29.27916667,18.8175
ZA,FAAN,AD,Aliwal North,-30.68333333,26.73333333
ZA,FAAP,AD,Aviators Paradise,-25.69388889,27.7825
ZA,FABA,AD,Microland Flight Park,-25.97508333,28.38774722
ZA,FABB,AD,Brakpan Benoni,-26.23805556,28.30583333
ZA,FABD,AD,Burgersdorp,-30.98333333,26.3
ZA,FABS,AD,Brits,-25.5325,27.77583333
ZA,FACN,AD,Carnavon,-30.99166667,22.13333333
ZA,FACO,AD,Alkantpan,-29.90648611,22.31658333
ZA,FACV,AD,Calvinia,-31.50027778,19.72583333
ZA,FADA,AD,De Aar,-30.69153056,24.02420278
ZA,FADB,AD,Dwaalboom,-24.80722222,26.82972222
ZA,FADL,AD,Delareyville,-26.6814906,25.47377793
ZA,FAEC,AD,Umtshezi Municipality,-29.04734167,29.91064167
ZA,FAEM,AD,Empangeni,-28.71854444,31.89265556
ZA,FAEO,AD,Ermelo,-26.5,29.98333333
ZA,FAFB,AD,Ficksburg Sentraoes,-28.825,27.90859444
ZA,FAFK,AD,Fisantekraal,-33.77138889,18.74
ZA,FAFW,AD,Freeway,-25.47722222,28.29
ZA,FAGL,AD,Groblersdal,-25.18676667,29.40329167
ZA,FAGR,AD,Graaff-Reinet,-32.194825,24.54115556
ZA,FAGT,AD,Grahamstown,-33.28333333,26.5
ZA,FAHC,AD,Howick,-29.55277778,30.21111111
ZA,FAHI,AD,Halfweg,-30.01333333,20.13916667
ZA,FAHJ,AD,Harding,-30.56666667,29.88333333
ZA,FAHR,AD,Harrismith,-28.23333333,29.1
ZA,FAHV,AD,Gariep Dam,-30.56219167,25.52991389
ZA,FAKD,AD,Klerksdorp / P.C. Pelser,-26.86666667,26.71666667
ZA,FAKR,AD,Krugersdorp,-26.08164722,27.72567778
ZA,FAKS,AD,Kroonstad,-27.66666667,27.31666667
ZA,FAKT,AD,Boschkop (Kitty Hawk Aero Estate),-25.86166667,28.44694444
ZA,FAKU,AD,Kuruman,-27.45939855,23.41189427
ZA,FAKZ,AD,Kleinsee,-29.68296944,17.09307778
ZA,FALI,AD,Lichtenburg,-26.16666667,26.18333333
ZA,FALL,AD,Lydenburg,-25.07916667,30.42555556
ZA,FALO,AD,Louis Trichardt,-23.06225004,29.86480198
ZA,FAMB,AD,Middelburg,-25.68566944,29.44055
ZA,FAMC,AD,Middelburg (Cape),-31.54722222,25.02944444
ZA,FAMD,AD,Malamala,-24.81758333,31.54471389
ZA,FAMI,AD,Marble Hall,-24.99166667,29.28333333
ZA,FAMO,AD,Mosselbay,-34.15694444,22.06138889
ZA,FAMS,AD,Morningside Farm,-25.69722222,26.91138889
ZA,FAMU,AD,Mkuzi,-27.63333333,32.05
ZA,FANS,AD,Nelspruit,-25.502225,30.91181667
ZA,FAOI,AD,Orient,-26.03972222,27.59416667
ZA,FAPI,AD,Pietersburg (Civil),-23.92605556,29.48436111
ZA,FAPK,AD,Prieska,-29.68370556,22.77060278
ZA,FAPT,AD,Postmasburg,-28.33333333,23.08333333
ZA,FAPX,AD,Paradise Beach,-34.10277778,24.88277778
ZA,FAPY,AD,Parys,-26.88720556,27.50530833
ZA,FAPZ,AD,Progress,-33.92526111,25.37222222
ZA,FAQT,AD,Queenstown,-31.91666667,26.88333333
ZA,FARA,AD,Petit,-26.085,28.39038889
ZA,FARG,AD,Rustenburg,-25.64444444,27.27111111
ZA,FARI,AD,Reivilo,-27.55416667,24.16666667
ZA,FARS,AD,Robertson,-33.81083333,19.91
ZA,FASB,AD,Springbok,-29.68944444,17.93888889
ZA,FASD,AD,Saldanha - Vredenburg,-32.96333333,17.97
ZA,FASE,AD,SABI-SABI,-24.94151389,31.4446
ZA,FASG,AD,Schweizer Reneke,-27.16393387,25.28658483
ZA,FASH,AD,Stellenbosch,-33.98055556,18.82277778
ZA,FASI,AD,Springs,-26.25,28.4
ZA,FASW,AD,Slurry,-25.81666667,25.88333333
ZA,FASX,AD,Swellendam,-34.05,20.48333333
ZA,FATA,AD,Tedderfield Air Park,-26.35166667,27.96916667
ZA,FATG,AD,Thaba Tholo Game Farm,-24.28111111,27.22944444
ZA,FATP,AD,New Tempe,-29.03271389,26.15800556
ZA,FAUH,AD,Uitenhage,-33.78333333,25.38333333
ZA,FAVR,AD,Vredendal,-31.64148056,18.54407222
ZA,FAVW,AD,Victory West,-31.4,23.15
ZA,FAWA,AD,Warmbaths,-24.90805556,28.30444444
ZA,FAWC,AD,Worcester,-33.66666667,19.41666667
ZA,FAWL,AD,Williston,-31.38333333,20.93333333
ZA,FAWM,AD,Welkom,-27.99800833,26.66955556
ZA,FAHS,AD,Hoedspruit,-24.35462083,31.0504
ZA,FALM,AD,Makhado,-23.15945278,29.70150278
ZA,FALW,AD,Langebaanweg,-32.96881111,18.16526111
ZA,FAOB,AD,Overberg,-34.55811667,20.24912222
ZA,FASK,AD,Swartkop (MIL),-25.80893972,28.16697139
ZA,FAWK,AD,Waterkloof,-25.82769028,28.22089167
ZA,FAYP,AD,Ysterplaat,-33.90098889,18.49748889
ZA,FAAE,AD,Aberdeen,-32.46639444,24.06382778
ZA,FAAF,AD,Andrews field,-34.76351667,20.03576389
ZA,FAAK,AD,Askham,-26.98472222,20.78655
ZA,FAAL,AD,Alldays,-22.67833333,29.055
ZA,FAAM,AD,Amsterdam,-26.63415278,30.60575278
ZA,FAAR,AD,ARATHUSA SAFARI LODGE,-24.74068611,31.51809167
ZA,FAAS,AD,Ashton,-33.83806944,20.04974167
ZA,FABF,AD,Barkley East,-30.97067422,27.60989976
ZA,FABG,AD,Buffelshoek,-24.70250278,31.58759444
ZA,FABH,AD,Belfast,-25.65880556,30.04154167
ZA,FABK,AD,Bushmans Kloof,-32.03352222,19.04259722
ZA,FABO,AD,Bothaville,-27.36720833,26.62891389
ZA,FABP,AD,Black Rock,-27.12952778,22.84603333
ZA,FABR,AD,Barberton,-25.71748056,30.97503611
ZA,FABT,AD,Bethesda Road,-31.89261111,24.81082222
ZA,FABU,AD,Bultfontein,-28.27517222,26.13675833
ZA,FACB,AD,Colesburg,-30.73358611,25.06508056
ZA,FACC,AD,Chitwa Chitwa,-24.73962453,31.56100551
ZA,FACD,AD,Cradock,-32.15647222,25.64584722
ZA,FACE,AD,Ceres,-33.31652778,19.42751944
ZA,FACG,AD,Caledon,-34.25954444,19.41615278
ZA,FACH,AD,Cookhouse,-32.79156389,25.81125278
ZA,FACI,AD,Citrusdal,-32.62006389,19.00385556
ZA,FACK,AD,Christiana,-27.87720278,25.20448333
ZA,FACL,AD,Carolina,-26.07844444,30.09274444
ZA,FACR,AD,Carletonville,-26.36927778,27.34928056
ZA,FACW,AD,Clanwilliam,-32.1771405,18.88194722
ZA,FACX,AD,Cathchart,-32.27635833,27.15161944
ZA,FACY,AD,Stilbaai,-34.35091667,21.42694722
ZA,FACZ,AD,Cedarville,-30.37993889,29.02876389
ZA,FADC,AD,Douglas Cape,-29.07564167,23.80265
ZA,FADF,AD,Driefontein/Fochville,-26.58,27.44277778
ZA,FADK,AD,Dukuduku,-28.36729722,32.2467
ZA,FADO,AD,Dendron,-23.37960278,29.32621111
ZA,FADP,AD,Darlington Dam,-33.09789409,25.25628333
ZA,FADQ,AD,Phinda,-27.84877222,32.30947222
ZA,FADS,AD,De Doorns,-33.45629167,19.68305556
ZA,FADU,AD,Dullstroom,-25.36176944,30.18779722
ZA,FADX,AD,Delta 2000,-33.65105278,18.47227222
ZA,FADZ,AD,Drakenberg Gardens,-29.74266944,29.26649444
ZA,FAEG,AD,Elgin,-34.17137222,19.05235278
ZA,FAEN,AD,Entabeni,-24.19170278,28.63942778
ZA,FAER,AD,Ekland Ranch,-22.85795278,29.86943056
ZA,FAES,AD,Eshowe,-28.88065,31.45581667
ZA,FAET,AD,Elliot,-31.30754722,27.850675
ZA,FAEW,AD,Seaview,-34.00082778,25.35271667
ZA,FAFG,AD,Flamingo,-32.893525,27.98332222
ZA,FAGF,AD,Grootfontein,-33.76888056,18.70274444
ZA,FAGI,AD,Grootvlei,-33.30438333,19.13895556
ZA,FAGV,AD,Gravelotte,-23.95902222,30.64447778
ZA,FAHD,AD,Hippo Pools,-24.199075,30.81249722
ZA,FAHF,AD,Henry's Flats,-33.04573611,25.71685556
ZA,FAHK,AD,Haakdoornboom,-25.58721111,28.11599722
ZA,FAHN,AD,Henneman/Hennenman,-28.02940278,27.08315556
ZA,FAHO,AD,Heilbron,-27.27892778,27.99531389
ZA,FAHP,AD,Hoopstad,-27.82203611,25.91727222
ZA,FAHT,AD,Hoedspruit (Civil),-24.34833056,30.94656667
ZA,FAHU,AD,HMS Bastard Memorial,-30.54189722,29.50291944
ZA,FAHW,AD,Hazyview,-25.05,31.13194444
ZA,FAHZ,AD,Hotazel,-27.21405833,22.94763056
ZA,FAIA,AD,Itala,-27.53220833,31.29923611
ZA,FAID,AD,Idutywa,-32.10904444,28.31678333
ZA,FAIS,AD,Isithebe,-29.10596389,31.40715833
ZA,FAIV,AD,Ingwavuma,-27.11679722,32.00856667
ZA,FAIW,AD,Ingwelala,-24.16169738,31.39495571
ZA,FAJC,AD,Jackalberry,-24.50943056,31.14168611
ZA,FAJK,AD,Jan Kemp Dorp,-27.94233889,24.81928333
ZA,FAJP,AD,Joubertina,-33.83079444,23.82809167
ZA,FAJV,AD,Jansenville,-32.95225556,24.64680278
ZA,FAKA,AD,Kagga Kamma,-32.73239444,19.54005833
ZA,FAKB,AD,Kosi Bay,-27.26038056,32.75201944
ZA,FAKC,AD,Klaserie,-24.43079444,31.25959444
ZA,FAKE,AD,Kei Mouth,-32.69760278,28.356
ZA,FAKF,AD,Kersefontein,-32.89883611,18.32458611
ZA,FAKI,AD,Kobb Inn,-32.43372222,28.68336667
ZA,FAKL,AD,Kriel,-26.25165556,29.19463889
ZA,FAKO,AD,Koster,-25.76223056,26.83992222
ZA,FAKP,AD,Komatipoort,-25.44053333,31.93016667
ZA,FAKV,AD,Koffiefontein,-29.43935833,24.98851111
ZA,FAKW,AD,Kareedouw,-33.95971389,24.32381111
ZA,FAKX,AD,Kenton on Sea,-33.67028611,26.630075
ZA,FALB,AD,Lamberts Bay,-32.10190556,18.33611111
ZA,FALC,AD,Lime Acres Finch Mine,-28.36047776,23.44045851
ZA,FALD,AD,Londolozi,-24.809225,31.50476944
ZA,FALF,AD,Loeriesfontein,-30.90764722,19.42601944
ZA,FALH,AD,Lohatla (Army),-28.03074444,23.20351111
ZA,FALL,AD,Lydenburg,-25.07916667,30.42555556
ZA,FALQ,AD,El Mirrador,-28.98665833,29.47615278
ZA,FALR,AD,Steytlerville,-33.33715,24.32150278
ZA,FALS,AD,Somerveld,-33.24631667,18.48170556
ZA,FAMA,AD,Mabalingwe,-24.83713056,28.05162778
ZA,FAMF,AD,Maclear,-31.07215278,28.37616667
ZA,FAMH,AD,Mussina,-22.35591389,29.98635556
ZA,FAMK,AD,Madikwe Game Reserve,-24.73354444,26.40576944
ZA,FAMP,AD,Madimbo,-22.37468056,30.88104444
ZA,FAMQ,AD,Montagu,-33.79574382,20.15641695
ZA,FAMT,AD,Molento,-31.40433889,26.35964167
ZA,FAMV,AD,Mountainview Estate,-25.86673889,27.87716111
ZA,FAMX,AD,Mbazwane,-27.48172222,32.59357778
ZA,FAMY,AD,Mazzepa Bay,-32.47219722,28.65069444
ZA,FAND,AD,Ngodwana/Sappi,-25.58890833,30.62189167
ZA,FANG,AD,Ngala,-24.38993056,31.32681944
ZA,FANI,AD,Ntsiri,-24.16444444,31.34583333
ZA,FANO,AD,Nduno,-26.91737778,32.29789722
ZA,FANT,AD,Nyathi,-24.10798611,28.31528889
ZA,FANY,AD,Nylstroom,-24.68553889,28.42815556
ZA,FAOF,AD,Olifantshoek,-27.96145556,22.73515556
ZA,FAOL,AD,Othawa,-24.75901667,31.40542222
ZA,FAPC,AD,Paulpietersburg,-27.436125,30.8049
ZA,FAPD,AD,Pofadder,-29.13236389,19.40526944
ZA,FAPJ,AD,Port St Johns,-31.60622222,29.52155
ZA,FAPO,AD,Pilgrems Rest,-24.78472222,30.79222222
ZA,FAPQ,AD,Pundu Maria,-22.76964167,31.010175
ZA,FAPU,AD,Paarl,-33.71091667,19.02496389
ZA,FAPV,AD,Petrusville,-30.083525,24.68004444
ZA,FAQB,AD,Piesanghoek,-23.00006944,30.07373889
ZA,FAQF,AD,Pomfret,-25.84519167,23.53664722
ZA,FAQR,AD,Potgietersrus,-24.23102222,28.98386389
ZA,FARF,AD,Rietfontein,-26.03174444,27.88111944
ZA,FARM,AD,Richmond,-31.42534444,23.97579167
ZA,FARZ,AD,Reitz,-27.78433056,28.43037778
ZA,FASA,AD,Sandhurst,-25.71915833,23.78973056
ZA,FASJ,AD,Saffier,-26.76049444,27.7628
ZA,FASL,AD,Sutherland,-32.48745833,20.70189444
ZA,FASM,AD,Siteka,-29.32398889,30.149775
ZA,FASN,AD,Senekal,-28.31224722,27.64661111
ZA,FASP,AD,SINGITA SABIE SAND,-24.80194444,31.42171667
ZA,FAST,AD,Somerset East,-32.75733526,25.5905227
ZA,FASU,AD,Sace,-25.9566,29.210025
ZA,FASY,AD,Syferfontein,-26.34854167,27.77913056
ZA,FATB,AD,Thorny Bush Game Lodge,-24.41620278,31.16410278
ZA,FATD,AD,Rock FIG,-24.30023889,31.28939722
ZA,FATH,AD,Thohoyandou,-23.07790556,30.38287778
ZA,FATI,AD,Thabizimbi,-24.57645278,27.41929167
ZA,FATK,AD,Tsitsikama Fly-inn,-34.08593889,24.29044167
ZA,FATM,AD,Stutterheim,-32.56424167,27.37460556
ZA,FATN,AD,Thaba N'chu,-29.317275,26.82161389
ZA,FATR,AD,Twee Rivieren,-26.44888333,20.60698333
ZA,FAUC,AD,Ulco,-28.35522778,24.22907778
ZA,FAUG,AD,Ugie,-31.22098333,28.20903333
ZA,FAUR,AD,Utrechet,-27.67504444,30.32221944
ZA,FAUS,AD,Ulusaba,-24.78252778,31.35409167
ZA,FAVA,AD,Vaalputs,-30.13375278,18.52613333
ZA,FAVB,AD,Vryburg,-26.98280278,24.72898889
ZA,FAVD,AD,Vrede,-27.44016111,29.15304722
ZA,FAVF,AD,Verborgenfontein,-31.16625313,23.80484139
ZA,FAVP,AD,Vanderbijlpark,-26.69042778,27.77703889
ZA,FAVS,AD,Vastrap,-27.83492778,21.63056944
ZA,FAVU,AD,Volksrust,-27.37710833,29.85994167
ZA,FAVY,AD,Vryheid,-27.78679722,30.79371667
ZA,FAWD,AD,Wolmaranstad,-27.17371944,25.97654167
ZA,FAWE,AD,Welgevonden,-24.20361944,27.90060278
ZA,FAWG,AD,Watts Landing,-32.90189444,28.04879722
ZA,FAWO,AD,Willowmore,-33.26353333,23.49028333
ZA,FAWR,AD,Wavecrest,-32.59026667,28.51810556
ZA,FAWS,AD,Wesselbron,-27.84634444,26.34994167
ZA,FAWT,AD,Winterveldt Mine,-24.66065833,30.18090278
ZA,FAWV,AD,White River,-25.31861389,30.97190833
ZA,FAZC,AD,Zululand Anthracite Collery,-28.21540278,31.65826111
ZA,FAZG,AD,Swartberg,-30.23373889,29.33698611
ZA,FAZQ,AD,Star,-28.326975,26.76949444
ZA,FAZR,AD,Zeerust,-25.59897222,26.04227778
ZA,FAZU,AD,Zuney,-32.7644,26.4444
ZA,FABL,AD,Bram Fischer International Airport - ACSA,-29.09378889,26.30396389
ZA,FACT,AD,Cape Town International Airport - ACSA,-33.97136944,18.60429167
ZA,FAEL,AD,East Londen - ACSA,-33.035,27.82135
ZA,FAGG,AD,George - ACSA,-34.00670278,22.37428056
ZA,FAKM,AD,Kimberly - ACSA,-28.80478333,24.76403333
ZA,FALE,AD,King Shaka International Airport - ACSA,-29.61177222,31.11931389
ZA,FAOR,AD,O R Tambo International Airport - ACSA,-26.13369444,28.24231667
ZA,FAPE,AD,Port Elizabeth International Airport - ACSA,-33.99001389,25.61027778
ZA,FAUP,AD,Upington International Airport - ACSA,-28.40102222,21.25966111
ZA,FABE,AD,Bhisho,-32.895,27.285
ZA,FAGM,AD,Rand,-26.24197778,28.15135556
ZA,FAKN,AD,Kruger Mpumalanga International Airport,-25.39158417,31.09927778
ZA,FALA,AD,Lanseria International Airport,-25.93969167,27.925575
ZA,FAMM,AD,George Dick Montshioa,-25.80744722,25.54446944
ZA,FAPM,AD,Pietermaritzburg,-29.64678889,30.39777222
ZA,FAPN,AD,Pilanesberg International Airport,-25.33548333,27.17163333
ZA,FAPP,AD,Polokwane International Airport,-23.84964722,29.45648889
ZA,FAUT,AD,Mthatha,-31.54790833,28.67436111
ZA,FAVG,AD,Virginia,-29.77083333,31.06027778
ZA,FAWB,AD,Wonderboom,-25.65530833,28.22133611
ZA,350,HS,41 WATERGLEN HELISTOP,-25.74977778,27.25716667
ZA,232,HS,A.T.E HELISTOP,-25.96203889,28.137225
ZA,334,HS,AFRICAN JUNGLE HELISTOP,-25.68913889,28.31972778
ZA,374,HS,"ANGLO OPERATIONS (PTY) LTD -
HIGHVELD HOSPITAL HELISTOP",-25.91741667,29.20000278
ZA,263,HS,ARABELLA COUNTRY ESTATE HELISTOP,-34.31705,19.13159444
ZA,394,HS,BLACK RIVER HELISTOP,-33.90798889,18.47112222
ZA,336,HS,BOSVELD SMEERMIDDELS,-23.85960833,30.16514444
ZA,286,HS,CASA FUNDADA HELISTOP,-25.83391944,28.33468056
ZA,312,HS,CENTURY HELISTOP,-25.97611111,28.02055556
ZA,340,HS,COLUMBUS STAINLESS HELISTOP,-25.79431944,29.50335556
ZA,369,HS,CPI HELISTOP,-25.99138889,28.13724722
ZA,286,HS,CULLINAN DIAMOND MINE HELISTOP,-25.66580556,28.50697222
ZA,219,HS,OPTRONICS HELISTOP,-25.88555556,28.18573889
ZA,230,HS,CURAMED ERASMUSKLOOF HOSPITAL HELISTOP,-25.81086667,28.26286667
ZA,344,HS,DESPATCH DRIVE-INN HELISTOP,-33.80593611,25.43755
ZA,343,HS,DITHOLO LODGE HELISTOP,-24.97593611,27.91796111
ZA,346,HS,DOWNTOWN HELISTOP,-26.245725,27.97754444
ZA,24,HS,EXXARO HQ HELISTOP,-25.77555556,28.16333333
ZA,180,HS,FRONTIER HOSPITAL HELISTOP,-31.88813056,26.87341389
ZA,209,HS,GLYNNWOOD HOSPITAL HELISTOP,-26.19552778,28.30836111
ZA,224,HS,GREY GOOSE HELISTOP,-27.73504722,29.89401389
ZA,61,HS,GREYSTONES PARK HELISTOP,-29.74968333,31.02950833
ZA,226,HS,HELI SQUARE HELISTOP,-34.01135833,22.37896944
ZA,313,HS,HIGHLAND GATE HELISTOP,-25.44416667,30.20527778
ZA,308,HS,HIPPO HOLLOW HELISTOP,-25.03204167,31.12392778
ZA,277,HS,IMPALA PLATINUM HELISTOP,-26.224,28.43847222
ZA,365,HS,INDIGO HELISTOP,-23.58591111,27.34075556
ZA,208,HS,INVICTA CONSTRUCTION HELISTOP,-25.67252222,28.28973333
ZA,391,HS,KRIEK HELISTOP,-28.74131389,24.755325
ZA,314,HS,LAKE LONGMERE HELISTOP,-25.27527778,30.99638889
ZA,342,HS,LEITHCON HELISTOP,-25.71055556,28.04672222
ZA,341,HS,LICHENRY HELISTOP,-26.63,28.00583333
ZA,351,HS,LIFE COSMOS HOSPITAL HELISTOP,-25.88418333,29.23353333
ZA,117,HS,LIFE HEALTHCARE WILGERS HELISTOP,-25.76723611,28.31833333
ZA,317,HS,LONGMERE COUNTRY ESTATE HELISTOP,-25.26861111,31.00111111
ZA,234,HS,METRO EAST LONDON HELISTOP,-32.97532778,27.8988
ZA,321,HS,MONSTERMOB HELISTOP,-28.72789444,24.78002778
ZA,223,HS,MOSSEL BAY HELICOPTERS HELISTOP,-34.0918975,22.03645556
ZA,302,HS,MR. LOO HELISTOP,-26.32330556,28.024
ZA,298,HS,NETCARE BLAAUWBERG HOSPITAL HELISTOP,-33.80361111,18.48416667
ZA,130,HS,NEW DENMARK COLLIERY HELISTOP,-26.73722222,29.30438889
ZA,6,HS,OLIVEDALE CLINIC HELISTOP,-26.05534722,27.97179722
ZA,107,HS,OVRTX AVIATION HELISTOP,-29.49041944,31.17870278
ZA,198,HS,PHEZULU AVIATION HELISTOP,-27.99578611,26.7489
ZA,238,HS,PICARD HELISTOP,-33.89923611,19.03105
ZA,282,HS,PRODUCTIVE HELISTOP,-26.06722222,28.30277778
ZA,371,HS,RAND REFINERY HELISTOP,-26.22003333,28.15075833
ZA,390,HS,RBC HELISTOP,-26.75646389,27.86807222
ZA,235,HS,RICHARDS BAY BELL HELISTOP,-28.75656111,32.01973611
ZA,347,HS,RUSA HELISTOP,-29.64161111,31.04305556
ZA,379,HS,SALAMUS PROPERTIES HELISTOP,-25.75250278,28.36473056
ZA,42,HS,ESKOM MEGAWATT PARK HELISTOP,-26.03627222,28.08196389
ZA,287,HS,SIBANYE GOLD HELISTOP,-26.35956389,27.60760278
ZA,362,HS,SIGMA HELISTOP,-26.77836667,27.76382222
ZA,373,HS,SPARTAN,-26.12222222,28.21722222
ZA,348,HS,SPH HELISTOP,-26.03724722,28.15705
ZA,278,HS,SUN CITY RESORT HELISTOP,-25.34174167,27.08183889
ZA,260,HS,THE CAMPUS HELISTOP,-26.04220833,28.02480556
ZA,388,HS,UMZIMBETE HELISTOP,-28.81805556,31.89972222
ZA,225,HS,V&A WATERFRONT HELISTOP,-33.90049722,18.42733889
ZA,291,HS,VERDINO HELISTOP,-25.83163056,28.33699722
ZA,381,HS,WEMBLEY STADIUM AND RACEWAY HELISTOP,-26.22988333,28.04105278
ZA,BM,NDB,"Bethlehem NDB
342.5 kHz",-28.24978056,28.33362222
ZA,CB,NDB,"Cape Town NDB
462.5kHz",-33.876125,18.57329167
ZA,ER,NDB,"Ellisras NDB
345kHz",-23.74861111,27.62333333
ZA,GC,NDB,"Grand Central NDB
372.5kHz",-25.99260833,28.14005278
ZA,GWN,NDB,"Greytown NDB
252.5kHz",-29.10538889,30.60343333
ZA,HA,NDB,"Hoedspruit NDB
265kHz",-24.33853611,31.03451111
ZA,HZ,NDB,"Hotazel NDB
257.5kHz",-27.225,22.95
ZA,KD,NDB,"Klerksdorp NDB
280kHz",-26.84513889,26.71063889
ZA,LA,NDB,"Lanseria NDB
270kHz",-26.01034722,27.83953611
ZA,LO,NDB,"Louis Trichardt NDB
457.5kHz",-23.06555556,29.83916667
ZA,LW,NDB,"Langebaanweg NDB
345kHz",-32.98087222,18.14899722
ZA,MAJ,NDB,"Majuba Power Station NDB
512.5kHz",-27.05983889,29.74408333
ZA,MM,NDB,"GEORGE DICK MONTSHIOA AIRPORT NDB
290.0kHz",-25.87708056,25.51080556
ZA,NC,NDB,"Newcastle NDB
415kHz",-27.76788889,29.97623333
ZA,OB,NDB,"Overberg NDB
427.5kHz",-34.59562222,20.28484444
ZA,OBI,NDB,"Pietermaritzburg NDB
280kHz",-29.61021667,30.39500278
ZA,ORI,NDB,"Pietermaritzburg NDB
442.5kHz",-29.55961111,30.44872778
ZA,PK,NDB,"Kruger Mpumalanga NDB
405.00kHz",-25.38355556,31.10891667
ZA,PRF,NDB,"Piet Retief NDB
525.0kHz",-26.93988333,30.77012222
ZA,PU,NDB,"Pietermaritzburg NDB
407kHz",-29.66127778,30.40976667
ZA,PW,NDB,"Phalaborwa NDB
272kHz",-23.91737778,31.15394722
ZA,PY,NDB,"Plettenberg Bay NDB
277.5kHz",-34.09049722,23.32596944
ZA,PZ,NDB,"Pietermaritzburg NDB
257kHz",-29.70563333,30.44946111
ZA,RA,NDB,"Rand NDB
307.5kHz",-26.42397778,28.26385
ZA,RD,NDB,"Rand NDB
307.5kHz",-26.31411389,28.08984444
ZA,RG,NDB,"Rustenburg NDB
452.5kHz",-25.65,27.28333333
ZA,SI,NDB,"Lusikisiki NDB
200kHz",-31.28333333,29.51666667
ZA,SMH,NDB,"Ulundi NDB
457.5kHz",-28.23533333,31.48161111
ZA,SZN,NDB,"Skukuza NDB
233kHz",-24.98027778,31.59861111
ZA,TB,NDB,"Thabazimbi NDB
397.5kHz",-24.6,27.41666667
ZA,THO,NDB,"Thohoyandou NDB
325kHz",-22.96666667,30.48333333
ZA,TOY,NDB,"Thohoyandou NDB
285kHz",-23.075,30.31444444
ZA,TSH,NDB,"Tshikondeni NDB
252.5kHz",-22.50916667,30.94916667
ZA,TU,NDB,"Tutuka NDB
352.5kHz",-26.72111111,29.35805556
ZA,TZ,NDB,"Tzaneen NDB
212.5kHz",-23.80228889,30.36084167
ZA,UD,NDB,"Ulundi NDB
267.5kHz",-28.30444444,31.43069444
ZA,UL,NDB,"Ulundi NDB
422kHz",-28.34886111,31.39447222
ZA,VHD,NDB,"Vryheid NDB
230kHz",-27.78638889,30.71277778
ZA,VHL,NDB,"Vryheid NDB
230kHz",-27.78611111,30.78694444
ZA,VLH,NDB,"Vaalhoek NDB
390kHz",-24.78333333,30.78333333
ZA,VM,NDB,"Venetia Mine NDB
417.5kHz",-22.45701667,29.30434167
ZA,VV,NDB,"Vereeniging NDB
460kHz",-26.567325,27.95804722
ZA,WB,NDB,"Wonderboom NDB
257.5kHz",-25.65661667,28.29876944
ZA,WC,NDB,"WORCESTER NDB
335kHz",-33.66333333,19.41666667
ZA,WR,NDB,"Wonderboom NDB
230kHz",-25.65428611,28.24229167
ZA,MS (Swaziland NDB),NDB,&nbsp;,-26.51055556,31.33305556
ZA,MU (Maseru NDB),NDB,&nbsp;,-29.30333333,27.50333333
ZA,AGV,VOR,"Aggeneys VOR/DME
116.7MHz
(CH 114X)",-29.48101944,18.56249167
ZA,ABV,VOR,"Alexander Bay VOR/DME
112.1MHz
(CH 58X)",-28.57065278,16.53383333
ZA,BOV,VOR,"Bhisho VOR/DME
112.4MHz
(CH 71X)",-32.90631111,27.26944444
ZA,BLV,VOR,"Bloemfontein VOR/DME
114.1MHz
(CH 88X)",-29.10066111,26.30064167
ZA,MEV,VOR,Bronkhorstspruit VOR/DME,-25.79093056,28.56133611
ZA,CDV,VOR,"Caledon VOR
114.9MHz",-34.11296667,19.47788611
ZA,CTV,VOR,"Cape Town VOR/DME
115.7MHz
(CH 104X)",-33.96967222,18.60505278
ZA,CSV,VOR,"Ceres VOR/DME
114.2MHz
(CH 89X)",-33.25229722,19.43811667
ZA,CZV,VOR,"Zonderwater VOR/DME
114.3 MHz
(CH 90X)",-25.68981111,28.55082222
ZA,DPV,VOR,"Wonderboom VOR/DME
112.20 MHz
(CH 59X)",-25.65591667,28.220075
ZA,ELV,VOR,"East London VOR/DME
114.5MHz
(CH 92X)",-33.03698889,27.82315556
ZA,ERV,VOR,"Ellisras VOR/DME
116.3MHz
(CH 110X)",-23.62521944,27.96436111
ZA,GRV,VOR,"George VOR/DME
116.6MHz
(CH 113X)",-34.00740556,22.37600556
ZA,GAV,VOR,"Grasmere VOR
115.5MHz",-26.51489722,27.67643611
ZA,GWV,VOR,"Greefswald VOR
117.9MHz",-22.24555556,29.41027778
ZA,GYV,VOR,"Greytown VOR/DME
113.5MHz
(CH 82X)",-29.12471944,30.58556944
ZA,HGV,VOR,"Heidelberg VOR
116.7MHz",-26.69680556,28.28316389
ZA,HSV,VOR,"Hoedspruit VOR/DME
114.0MHz
(CH 87X)",-24.34720278,31.04760833
ZA,HMV,VOR,"Hofmeyer VOR
113.4MHz",-31.60588333,25.844
ZA,KYV,VOR,"Kimberley VOR/DME
113.2MHz
(CH 79X)",-28.79994722,24.76036667
ZA,TGV,VOR,"King Shaka VOR/DME
115.6MHz
(CH 103X)",-29.61116667,31.12473056
ZA,LYV,VOR,"Ladysmith VOR/DME
116.5MHz
(CH 112X)",-28.60450278,29.69453333
ZA,LWV,VOR,"Langebaanweg VOR/DME
117.0MHz
(CH 117X)",-32.98285556,18.16387222
ZA,LIV,VOR,"Lanseria VOR/DME
117.4MHz
(CH 121X)",-25.94892778,27.91357222
ZA,LTV,VOR,"Makhado VOR/DME
115.0MHz
(CH 97X)",-23.15853056,29.68643889
ZA,MMV,VOR,"GEORGE DICK MONTSHIOA AIRPORT VOR/DME
112.9MHz
(CH 76X)",-25.82589722,25.53505556
ZA,MHV,VOR,"Mthatha VOR/DME
115.1MHz
(CH 98X)",-31.55035833,28.67355
ZA,NVV,VOR,"Nieuwoudtville VOR
116.1MHz",-31.38,19.07111111
ZA,JSV,VOR,"O R Tambo VOR/DME
115.2MHz
(CH 99X)",-26.15711944,28.23102778
ZA,OBV,VOR,"Overberg VOR/DME
115.4MHz
(CH 101X)",-34.55611944,20.24713889
ZA,PVV,VOR,"Petrusville VOR
112.7MHz",-30.366225,24.69501667
ZA,PKV,VOR,"KRUGER MPUMALANGA DVOR/DME
112.5MHz
(115.9 MHz)",-25.381025,31.111125
ZA,PHV,VOR,"Phalaborwa VOR
115.3MHz",-23.90075833,31.15196944
ZA,PMV,VOR,"Pietermaritzburg VOR/DME
117.9MHz
(CH 126X)",-29.64781389,30.40035556
ZA,PPV,VOR,"Polokwane VOR/DME
114.5MHz
(CH 92X)",-23.83981944,29.46056667
ZA,PNV,VOR,"Pilanesburg VOR/DME
112.6MHz
(CH 73X)",-25.39584167,27.12270556
ZA,PEV,VOR,"Port Elizabeth VOR/DME
112.9MHz
(CH 76X)",-33.99250278,25.60576389
ZA,PJV,VOR,"Port St Johns VOR
115.9MHz",-31.60887778,29.51985
ZA,RAV,VOR,"Rand VOR/DME
117.7MHz
(CH 124X)",-26.24538611,28.15451667
ZA,RBV,VOR,"Richards Bay VOR/DME
113MHz
(CH 77X)",-28.74068333,32.09354167
ZA,RIV,VOR,"Robben Island VOR/DME
117.6MHz
(CH 123X)",-33.79956944,18.36447222
ZA,SSV,VOR,"Sishen VOR/DME
113.6MHz
(CH 83X)",-27.652175,23.00305278
ZA,SVV,VOR,"Somerveld VOR
113.0MHz",-33.24934722,18.47838889
ZA,STV,VOR,"Standerton VOR
116MHz",-26.69671944,28.86746111
ZA,SLV,VOR,"Sutherland VOR
113.3MHz",-32.45,20.6225
ZA,UPV,VOR,"Upington VOR/DME
116.5MHz
(CH 112X)",-28.40175278,21.26041111
ZA,VWV,VOR,"Victoria West VOR
113.7MHz",-31.39694444,23.10888889
ZA,WRV,VOR,"Warden VOR
112.8MHz",-27.77479444,29.06947222
ZA,WKV,VOR,"Waterkloof VOR/DME
116.9MHz
(CH 116X)",-25.83334444,28.22036389
ZA,WMV,VOR,"Welkom VOR/DME
116.4MHz
(CH 111X)",-28.00159444,26.66114722
ZA,WIV,VOR,"Witbank VOR
113.3MHz",-25.829525,29.19475833
ZA,MZV,VOR,Maseru VOR,-29.50027778,27.54055556
ZA,VMA,VOR,Maputo VOR,-25.86944444,32.60833333
ZA,ALENI,WPT,&nbsp;,-26.97653889,32.160525
ZA,ALKAT,WPT,&nbsp;,-33.18348383,25.85206389
ZA,ALTES,WPT,&nbsp;,-25.58743611,31.31333889
ZA,ANIXU,WPT,&nbsp;,-26.50559167,27.12740556
ZA,ANTES,WPT,&nbsp;,-36.85,10
ZA,ANTIL,WPT,&nbsp;,-28.50632178,16.80556814
ZA,ANVAK,WPT,&nbsp;,-25.67241944,31.99728611
ZA,ANVAR,WPT,&nbsp;,-28.0025,14.56234722
ZA,ANVED,WPT,&nbsp;,-31.16096389,33.10961944
ZA,ANVIT,WPT,&nbsp;,-24.66666667,30.38333333
ZA,APDAK,WPT,&nbsp;,-26.55098333,29.04795556
ZA,APDUR,WPT,&nbsp;,-28.322125,25.38688889
ZA,APGAP,WPT,&nbsp;,-28.28651944,31.32968333
ZA,APKAP,WPT,&nbsp;,-33.98859167,20.69211944
ZA,APKEK,WPT,&nbsp;,-30.52754722,20.17092222
ZA,APKID,WPT,&nbsp;,-28.2,0
ZA,APKIK,WPT,&nbsp;,-28.33042778,30.57587778
ZA,APKIN,WPT,&nbsp;,-34.08351217,17.0164765
ZA,APLEN,WPT,&nbsp;,-30.76076944,22.02216667
ZA,APLIP,WPT,&nbsp;,-31.48810278,29.386875
ZA,APLUK,WPT,&nbsp;,-28.87027778,34.42555556
ZA,APMAK,WPT,&nbsp;,-28.48048889,25.53200278
ZA,APMAT,WPT,&nbsp;,-28.78993889,30.94989722
ZA,APMIN,WPT,&nbsp;,-28.01068056,25.85779167
ZA,APMUL,WPT,&nbsp;,-31.29649444,28.12183056
ZA,APMUX,WPT,APMUX,-24.57655206,29.52347067
ZA,APNON,WPT,&nbsp;,-26.76051667,30.78133056
ZA,APRAX,WPT,&nbsp;,-28.00879722,26.41892222
ZA,ASONI,WPT,&nbsp;,-29.33333333,10
ZA,ASPIK,WPT,&nbsp;,-34.10508886,18.13355744
ZA,ATUXO,WPT,&nbsp;,-27.993325,27.86868611
ZA,AVAGO,WPT,&nbsp;,-25.71941667,27.44426592
ZA,AVAVA,WPT,&nbsp;,-26.91564342,29.45280722
ZA,AVEXA,WPT,&nbsp;,-32.64340833,23.37918889
ZA,AVILO,WPT,&nbsp;,-26.981858,28.721006
ZA,AVUBU,WPT,&nbsp;,-28.37855278,26.53833333
ZA,AVUSA,WPT,&nbsp;,-27.49864006,22.22502419
ZA,AXEMU,WPT,&nbsp;,-34.203225,21.40011389
ZA,AXOXI,WPT,&nbsp;,-32.20433333,27.9012
ZA,AXOPA,WPT,&nbsp;,-33.29507147,19.97594669
ZA,BEBAS,WPT,&nbsp;,-27.8218,29.61519167
ZA,BOLUM,WPT,&nbsp;,-19.33333333,-5
ZA,BUXIR,WPT,&nbsp;,-32,15
ZA,DABUR,WPT,&nbsp;,-26.33333333,5
ZA,DIMIX,WPT,&nbsp;,-17.78333333,10.5
ZA,DODOS,WPT,&nbsp;,-25.50893611,30.57711667
ZA,DUDMO,WPT,DUDMO,-28.49078333,17.93106111
ZA,DUDVU,WPT,&nbsp;,-31.39785278,27.86013889
ZA,DUGPA,WPT,&nbsp;,-26.22473333,22.42634167
ZA,DUKMU,WPT,&nbsp;,-30.38016111,30.75011944
ZA,DUKRA,WPT,&nbsp;,-26.34011944,30.78654722
ZA,DULPU,WPT,DULPU,-25.95658611,31.22368333
ZA,DULRI,WPT,&nbsp;,-31.08306111,28.94418889
ZA,DUMGO,WPT,DUMGO,-24.08619822,29.03073369
ZA,DUNSA,WPT,&nbsp;,-30.235197,30.48742
ZA,DUSKO,WPT,&nbsp;,-25.17465,31.40047222
ZA,DUSLI,WPT,&nbsp;,-24.97340833,26.65046111
ZA,DUTGI,WPT,&nbsp;,-25.29549167,32.02368333
ZA,DUVPI,WPT,&nbsp;,-27.98668056,28.52151111
ZA,EGMEN,WPT,&nbsp;,-25.646038,28.968202
ZA,EGNOM,WPT,&nbsp;,-30.90093611,22.443125
ZA,EGNOR,WPT,&nbsp;,-27.49865278,20.66126944
ZA,EGPOP,WPT,&nbsp;,-26.28165833,27.51095556
ZA,EGRAP,WPT,&nbsp;,-27.84375278,14.02693611
ZA,EGRUP,WPT,&nbsp;,-31.16831944,23.26105
ZA,EGSAN,WPT,&nbsp;,-28.00297778,27.14326667
ZA,EGSOX,WPT,&nbsp;,-28.39220556,34.69205
ZA,EGSUV,WPT,EGSUV,-27.01715,22.31107278
ZA,EGTAP,WPT,&nbsp;,-30.77128611,26.81761389
ZA,EGTAR,WPT,&nbsp;,-28.12726836,18.35141153
ZA,EGTIL,WPT,&nbsp;,-31.03980278,22.86541111
ZA,EGTIM,WPT,&nbsp;,-33.160475,25.69054444
ZA,EKBAP,WPT,&nbsp;,-23.51693128,28.11609553
ZA,EKBED,WPT,&nbsp;,-39.21666667,0
ZA,EKBEX,WPT,&nbsp;,-28.01086111,25.78998889
ZA,EKBON,WPT,&nbsp;,-28.30970661,17.61841792
ZA,EKBOX,WPT,&nbsp;,-34.91280278,25.12820556
ZA,EPMAK,WPT,EPMAK,-36.97017097,24.09217878
ZA,EPRET,WPT,&nbsp;,-26.85885,32.42964444
ZA,EPSAK,WPT,&nbsp;,-27.19860681,29.16153331
ZA,EPSEK,WPT,&nbsp;,-23.45416667,31.5625
ZA,EPTOT,WPT,&nbsp;,-28.63419167,27.39530278
ZA,EPVUV,WPT,&nbsp;,-33.81758542,26.22233889
ZA,ERDAS,WPT,&nbsp;,-33.41391667,19.18690278
ZA,ESPOG,WPT,&nbsp;,-33.18465278,26.84629444
ZA,ESPUV,WPT,ESPUV,-25.82926667,24.7155
ZA,ESRAS,WPT,&nbsp;,-25.89611111,31.15389444
ZA,ESRET,WPT,&nbsp;,-29.27768333,33.13485
ZA,ESRUK,WPT,&nbsp;,-33.96957778,19.80745556
ZA,ESRUM,WPT,ESRUM,-25.91103333,31.72510556
ZA,ESTAM,WPT,&nbsp;,-28.14695278,14.42095278
ZA,ESVAX,WPT,&nbsp;,-32.43400833,24.00186389
ZA,ESVEV,WPT,ESVEV,-25.98695,30.60532778
ZA,ESVIR,WPT,&nbsp;,-28.08848333,30.82881944
ZA,ETBIN,WPT,&nbsp;,-32.20867778,27.69589167
ZA,ETBUL,WPT,&nbsp;,-33.999025,21.37337222
ZA,ETBUX,WPT,&nbsp;,-25.90661167,26.26613275
ZA,ETGAX,WPT,&nbsp;,-33.75668056,22.37223333
ZA,ETGEB,WPT,&nbsp;,-32.50404722,28.58429167
ZA,ETGIS,WPT,&nbsp;,-31.08663611,25.14915278
ZA,ETKAL,WPT,&nbsp;,-32.91344397,22.56000969
ZA,ETKON,WPT,&nbsp;,-33.41888889,26.93931111
ZA,ETLEK,WPT,&nbsp;,-33.21086667,18.224475
ZA,ETLIG,WPT,"&nbsp;

FAOR RNAV GNSS",-26.69666667,28.28305556
ZA,ETLUR,WPT,&nbsp;,-30.90706389,28.21519167
ZA,ETMAL,WPT,&nbsp;,-27.57280278,30.383475
ZA,ETMIT,WPT,&nbsp;,-23.21346944,27.628525
ZA,ETMOS,WPT,&nbsp;,-28.37333333,35.93833333
ZA,ETMUS,WPT,&nbsp;,-28.33327572,16.45161875
ZA,ETOBO,WPT,&nbsp;,-23.65,-10
ZA,ETOSA,WPT,&nbsp;,-24.71511111,26.05360556
ZA,ETOVU,WPT,&nbsp;,-32.35619167,28.39536944
ZA,ETULA,WPT,&nbsp;,-34.35,10
ZA,IMKUP,WPT,&nbsp;,-24.82102792,28.23907011
ZA,ETUPO,WPT,&nbsp;,-28.1855435,18.11938994
ZA,ETUPU,WPT,"&nbsp;

FAWB RNAV GNSS",-25.66429175,28.48895389
ZA,EVARI,WPT,&nbsp;,-27.68025278,30.05421944
ZA,EVEMU,WPT,&nbsp;,-30.68465278,27.25497778
ZA,EVESI,WPT,EVESI,-28.59852778,25.18686111
ZA,EVIDO,WPT,&nbsp;,-29.64578333,32.08025
ZA,EVIPI,WPT,&nbsp;,-24.86672278,27.84843172
ZA,EVOPO,WPT,&nbsp;,-25.20671758,27.19400058
ZA,EVUKI,WPT,&nbsp;,-33.16687347,18.35051381
ZA,EVUVA,WPT,&nbsp;,-30.75996667,28.59504722
ZA,EXABU,WPT,&nbsp;,-31.63225556,27.81288611
ZA,EXANO,WPT,&nbsp;,-26.63014233,26.84306739
ZA,EXATA,WPT,&nbsp;,-29.76611111,30.02083333
ZA,EXELO,WPT,&nbsp;,-33.325108,22.40732853
ZA,EXOBI,WPT,&nbsp;,-26.04785183,29.14758919
ZA,EXOKU,WPT,&nbsp;,-26.66955556,26.57781944
ZA,GABGO,WPT,&nbsp;,-33.66755556,23.28983611
ZA,GABNA,WPT,&nbsp;,-24.16666667,28.56666667
ZA,GADNU,WPT,&nbsp;,-33.48099167,21.10866389
ZA,GAGNO,WPT,&nbsp;,-25.55256389,31.63032222
ZA,GEDOL,WPT,&nbsp;,-29.84374722,26.16782778
ZA,GEPES,WPT,&nbsp;,-28.010275,25.29661944
ZA,GERAM,WPT,&nbsp;,-34.05,0
ZA,GERAX,WPT,&nbsp;,-27.31596667,31.38636389
ZA,GEROX,WPT,&nbsp;,-27.38028006,28.8286415
ZA,GERUT,WPT,&nbsp;,-32.94431667,23.55574444
ZA,GESIL,WPT,&nbsp;,-22.31666667,31
ZA,GETEN,WPT,&nbsp;,-34.05732778,19.60325
ZA,GETIM,WPT,"&nbsp;

FASZ RNAV GNSS",-25.09298806,31.555925
ZA,GETOK,WPT,&nbsp;,-29.51296944,30.15495278
ZA,GEVIN,WPT,&nbsp;,-27.69831944,14.168975
ZA,GEVIS,WPT,&nbsp;,-29.69374722,33.96043333
ZA,GEVUX,WPT,GEVUX,-26.96297222,22.47563361
ZA,GEXIP,WPT,&nbsp;,-32.24988056,19.24946667
ZA,GUBAG,WPT,&nbsp;,-18,9.666666667
ZA,IBRIS,WPT,&nbsp;,-28.86666667,25.95
ZA,IBRUN,WPT,&nbsp;,-28.89020833,18.48333333
ZA,IBTEK,WPT,&nbsp;,-29.71778819,25.21320044
ZA,IBVIT,WPT,&nbsp;,-28.41489444,21.00012222
ZA,IBMES,WPT,IBMES,-27.38855833,22.55746639
ZA,IMGEV,WPT,&nbsp;,-27.98591667,28.29225
ZA,IMKID,WPT,IMKID,-25.96205,31.11700278
ZA,IMKUS,WPT,&nbsp;,-33.07819167,18.43915278
ZA,IMLID,WPT,&nbsp;,-30.54399411,30.024914
ZA,IMLUT,WPT,&nbsp;,-30.50997222,15.68409444
ZA,IMPOD,WPT,IMPOD,-23.61200297,28.26884672
ZA,IMPOK,WPT,&nbsp;,-27.5,14.05833333
ZA,IMROG,WPT,&nbsp;,-32.17858611,26.65400833
ZA,IMSIR,WPT,&nbsp;,-27.99603611,24.96699722
ZA,IMSOL,WPT,"&nbsp;

FAWB RNAV GNSS",-25.74413992,28.39269386
ZA,IMSOM,WPT,&nbsp;,-33.93441636,18.00867808
ZA,IMSUL,WPT,"&nbsp;

FASS RNAV ARR/DEP",-27.34316667,24.3685
ZA,IMTET,WPT,&nbsp;,-26.338375,30.88515833
ZA,ITGAD,WPT,&nbsp;,-31.71666667,10
ZA,ITGIV,WPT,&nbsp;,-32.93333333,-10
ZA,ITKIT,WPT,&nbsp;,-33.36035142,26.16400333
ZA,ITKOT,WPT,&nbsp;,-28.06143728,18.61121739
ZA,ITLIK,WPT,&nbsp;,-35.26666667,14.99916667
ZA,ITMEK,WPT,&nbsp;,-34.2,15
ZA,ITMIL,WPT,&nbsp;,-29.03084722,31.81066667
ZA,ITNOX,WPT,&nbsp;,-28.24285953,17.88927108
ZA,ITROL,WPT,&nbsp;,-25.03554717,27.43482614
ZA,IXAKU,WPT,&nbsp;,-31.37501667,26.97961944
ZA,IXARA,WPT,&nbsp;,-27.97428611,28.89446667
ZA,IXEBI,WPT,&nbsp;,-31.96472778,26.34648056
ZA,IXEKI,WPT,&nbsp;,-28.51206944,27.67690278
ZA,IXEPI,WPT,"&nbsp;

FASS RNAV ARR/DEP",-27.57916667,22.95733333
ZA,IXESU,WPT,&nbsp;,-26.51055556,31.33305556
ZA,KATOR,WPT,&nbsp;,-33.48873975,22.64287961
ZA,KEBAT,WPT,&nbsp;,-27.5,18.3
ZA,KODES,WPT,&nbsp;,-33.14444444,18.75555556
ZA,MITAR,WPT,&nbsp;,-27.87874017,18.33107189
ZA,MUNES,WPT,&nbsp;,-40.33333333,-10
ZA,MUVAL,WPT,&nbsp;,-26.62444444,31.16583333
ZA,NAMGU,WPT,&nbsp;,-30.284484,29.79957
ZA,NESAG,WPT,&nbsp;,-24.94672308,28.85098364
ZA,NESAN,WPT,&nbsp;,-25.49691081,28.11821011
ZA,NESEK,WPT,&nbsp;,-25.03166667,26.61666667
ZA,NESUS,WPT,&nbsp;,-30.67447222,21.76507222
ZA,NEVAR,WPT,&nbsp;,-27.51343056,17.83272222
ZA,NEVEN,WPT,&nbsp;,-27.48309819,28.04919569
ZA,NEVUK,WPT,NEVUK,-24.83900889,29.92340136
ZA,NEVUL,WPT,NEVUL,-27.44253889,22.48598278
ZA,NEXIS,WPT,&nbsp;,-25.85416944,31.20356389
ZA,NEXIT,WPT,&nbsp;,-30.52442222,20.37593611
ZA,NEXUL,WPT,&nbsp;,-31.36054167,29.24687778
ZA,NEXUP,WPT,&nbsp;,-27.11514056,22.74340472
ZA,NIBEX,WPT,&nbsp;,-26.823767,27.670391
ZA,NIBOP,WPT,&nbsp;,-31.25436944,29.13079167
ZA,NIDAL,WPT,&nbsp;,-32.70544167,18.23695833
ZA,NIDEM,WPT,&nbsp;,-29.56930556,28.73586111
ZA,NIDIG,WPT,&nbsp;,-28.80188611,27.00513333
ZA,NIDOX,WPT,&nbsp;,-31.18299444,24.61283611
ZA,NOKOX,WPT,&nbsp;,-33.02061969,19.71759453
ZA,ODKER,WPT,&nbsp;,-24.14166667,28.08333333
ZA,ODOTU,WPT,&nbsp;,-17.16666667,11.96666667
ZA,OKBIL,WPT,&nbsp;,-31.21229444,23.39758611
ZA,OKBUS,WPT,OKBUS,-30.49651111,28.31275833
ZA,OKDIN,WPT,&nbsp;,-28.15465278,28.48995556
ZA,OKDOG,WPT,&nbsp;,-33.08333333,15
ZA,OKLEM,WPT,"&nbsp;

FACT RNAV GNSS",-33.73448611,18.88051472
ZA,OKLIL,WPT,&nbsp;,-24.81962222,30.20916214
ZA,OKLOK,WPT,&nbsp;,-32.80811581,19.37720103
ZA,OKLOL,WPT,&nbsp;,-31.00783333,28.86264167
ZA,OKPIT,WPT,&nbsp;,-25.46228333,28.74237778
ZA,OKPUN,WPT,&nbsp;,-31.792675,26.81128889
ZA,OKRAV,WPT,&nbsp;,-33.99163056,24.60349167
ZA,OKREV,WPT,&nbsp;,-30.52648056,28.03351667
ZA,OKRIP,WPT,OKRIP,-25.88282222,30.69275278
ZA,OKRUL,WPT,&nbsp;,-30.53997778,18.86762222
ZA,OKSAD,WPT,&nbsp;,-26.82222222,30.8
ZA,OKSET,WPT,&nbsp;,-34.2169685,24.63917492
ZA,OKTAN,WPT,&nbsp;,-30.29953333,30.58148333
ZA,OKTED,WPT,&nbsp;,-34.22,19.55833333
ZA,OKTEK,WPT,&nbsp;,-27.47654064,28.46337642
ZA,OKTEL,WPT,&nbsp;,-28.13161389,15
ZA,OKTIG,WPT,&nbsp;,-28.47741111,26.77801111
ZA,ORKAN,WPT,&nbsp;,-24.54166667,26.91666667
ZA,ORNAD,WPT,&nbsp;,-25.91666667,31.96666667
ZA,OSEPA,WPT,&nbsp;,-23,0
ZA,OSKOP,WPT,&nbsp;,-31.26558889,24.14242778
ZA,OVALA,WPT,&nbsp;,-26.81760833,28.62908333
ZA,PAREK,WPT,&nbsp;,-28.4955105,16.26597428
ZA,PEDIL,WPT,&nbsp;,-25.65935264,26.85945833
ZA,RAGUL,WPT,&nbsp;,-26.44842483,27.57885725
ZA,RUDAS,WPT,&nbsp;,-24.32333333,26.735
ZA,TAVLA,WPT,&nbsp;,-22.62333333,28.29333333
ZA,TESUN,WPT,&nbsp;,-27.96235833,29.18464722
ZA,TETAN,WPT,&nbsp;,-33.66333333,19.41611111
ZA,TETIK,WPT,&nbsp;,-26.57060433,29.64036925
ZA,TETUS,WPT,&nbsp;,-25.52622222,25.63908611
ZA,TEVAP,WPT,&nbsp;,-24.74166667,32.00166667
ZA,TEVAR,WPT,&nbsp;,-27.20593608,27.30923378
ZA,TEXAB,WPT,&nbsp;,-30.53438889,16.93863611
ZA,TEXIP,WPT,&nbsp;,-26.21771389,25.507075
ZA,TEXIS,WPT,TEXIS,-33.26555833,20.382425
ZA,TEXON,WPT,&nbsp;,-25.17408333,28.01129444
ZA,TIDAX,WPT,&nbsp;,-31.50959722,28.07037222
ZA,TIDUP,WPT,TIDUP,-24.40418561,29.8366075
ZA,TIKER,WPT,&nbsp;,-32.40058889,26.17116111
ZA,TIKIG,WPT,TIKIG,-27.01691333,22.40438333
ZA,TIKIL,WPT,TIKIL,-31.25616667,23.53391667
ZA,TILIR,WPT,TILIR,-25.78118611,30.77788056
ZA,TONKA,WPT,&nbsp;,-26.12333333,32.105
ZA,TUBIN,WPT,&nbsp;,-30.033691,30.298517
ZA,UBVER,WPT,&nbsp;,-27.92269722,14.29470278
ZA,UDBUL,WPT,&nbsp;,-25.20105833,26.46666667
ZA,UDLON,WPT,&nbsp;,-27.73071389,20.81314444
ZA,UDLUM,WPT,UDLUM,-25.27277778,23.38696944
ZA,UNGEK,WPT,&nbsp;,-26.90786389,25.457325
ZA,UNGEX,WPT,"&nbsp;

FASS RNAV ARR/DEP",-27.725,23.04866667
ZA,UNGOS,WPT,UNGOS,-28.37373889,18.40301111
ZA,UNPAX,WPT,&nbsp;,-24.84857222,31.06256111
ZA,UNPEN,WPT,&nbsp;,-25.11205833,32.03253889
ZA,UNRAG,WPT,UNRAG,-28.36364444,26.01921111
ZA,UNRES,WPT,&nbsp;,-33.87869444,20.98228889
ZA,UMVET,WPT,&nbsp;,-24.93213056,31.06505
ZA,UNDIT,WPT,UNDIT,-25.44643117,29.20445658
ZA,USENA,WPT,&nbsp;,-18.46333333,-6.12
ZA,UTANI,WPT,&nbsp;,-27.22964722,21.00966667
ZA,UTEBA,WPT,&nbsp;,-26.95305525,27.03730117
ZA,UTERI,WPT,UTERI,-28.53735278,23.70229444
ZA,UTIGU,WPT,&nbsp;,-23.82999722,28.61897778
ZA,UTIMO,WPT,&nbsp;,-30.71121667,30.25181389
ZA,UTONU,WPT,&nbsp;,-28.87116389,26.80974722
ZA,UTOXO,WPT,&nbsp;,-31.60593889,29.51661667
ZA,UTREX,WPT,"&nbsp;

FASZ RNAV GNSS",-24.97222222,31.25502778
ZA,UTRUK,WPT,&nbsp;,-25.67582778,27.83258056
ZA,UTSEM,WPT,&nbsp;,-30.934625,25.968875
ZA,UTSEV,WPT,&nbsp;,-26.53191944,30.14378056
ZA,UTSIT,WPT,UTSIT,-27.38815833,22.65108444
ZA,UTUMI,WPT,&nbsp;,-30.53868889,17.461925
ZA,UTUPU,WPT,UTUPU,-24.49034739,29.68007803
ZA,UVBUD,WPT,UVBUD,-30.53573333,17.08015556
ZA,UVDEX,WPT,&nbsp;,-33.56647222,20.34297222
ZA,UVGOD,WPT,&nbsp;,-29.16201944,15
ZA,UVGUK,WPT,&nbsp;,-34.21638889,22.37991111
ZA,UVIKU,WPT,UVIKU,-33.459575,17.57385278
ZA,UVILA,WPT,&nbsp;,-27.99446125,17.87006506
ZA,UVITI,WPT,&nbsp;,-25.92853889,31.75326667
ZA,VASUR,WPT,&nbsp;,-25.56298811,27.89329747
ZA,XABDO,WPT,&nbsp;,-31.54616389,26.51328056
ZA,XADUP,WPT,&nbsp;,-31.01347222,27.93698333
ZA,XAGEN,WPT,&nbsp;,-26.06247778,27.3178
ZA,XAKIM,WPT,&nbsp;,-33.439625,26.79662778
ZA,XALIN,WPT,&nbsp;,-33.71908056,22.86707778
ZA,XALVA,WPT,&nbsp;,-32.37453056,19.56672778
ZA,XANDA,WPT,&nbsp;,-33.14974444,22.93973056
ZA,XANRO,WPT,&nbsp;,-26.41863611,26.87598611
ZA,XARMA,WPT,XARMA,-24.72544767,30.05781239
ZA,XARVI,WPT,&nbsp;,-32.69032222,26.44338056
ZA,XASMI,WPT,"&nbsp;

FASS RNAV ARR/DEP",-27.6295,23.4725
ZA,XATKU,WPT,"&nbsp;

FASS RNAV ARR/DEP",-27.38083333,23.4075
ZA,XATNU,WPT,XATNU,-24.61194244,30.19215711
ZA,XAVMU,WPT,&nbsp;,-30.54130556,18.2845
ZA,XORER,WPT,&nbsp;,-28.29311667,28.17701111
ZA,XOXOR,WPT,&nbsp;,-32.83565833,25.99442222
ZA,XOTOP,WPT,&nbsp;,-27.99685,27.63514722
ZA,XUDAN,WPT,&nbsp;,-27.51144722,16.16851667
ZA,XUGOL,WPT,&nbsp;,-34.17614722,20.19099722
ZA,XUGUV,WPT,&nbsp;,-27.27039722,24.042575
ZA,ALDOV,WPT,ALDOV,-30.62,15
ZA,ANTEP,WPT,Additional AORRA Entry/EXIT gates - ref S046/11,-24,13.60666667
ZA,ANTOM,WPT,ANTOM,-29.83333333,15
ZA,AVANA,WPT,AVANA,-37,26
ZA,BISUL,WPT,BISUL,-43.52277778,-53
ZA,BIVEN,WPT,BIVEN,-36.58333333,-53.08611111
ZA,BUXIR,WPT,BUXIR,-32,15
ZA,CIDER,WPT,CIDER,-24.1305,-40.27316667
ZA,DULGO,WPT,Additional AORRA Entry/EXIT gates - ref S046/11,-25,13.99666667
ZA,EGLAS,WPT,EGLAS,-48,-53
ZA,EGVOL,WPT,EGVOL,-34.04694444,31.02944444
ZA,EKALO,WPT,EKALO,-22.43333333,-38.14666667
ZA,EPNET,WPT,EPNET,-37.00944444,23.98444444
ZA,ETBOR,WPT,ETBOR,-37.00138889,27.71166667
ZA,ETUDU,WPT,Additional AORRA Entry/EXIT gates - ref S046/11,-21.23333333,12.72255
ZA,GAPEL,WPT,GAPEL,-8.285,0.316666667
ZA,GEPAB,WPT,GEPAB,-37.01138889,18.51166667
ZA,GEPEV,WPT,GEPEV,-35.07833333,29.98666667
ZA,GARUP,WPT,GARUP,-18.86333333,-37.67333333
ZA,GUXOR,WPT,GUXOR,-37.375,-53
ZA,IBLOK,WPT,IBLOK,-18.79444444,11.67611111
ZA,IMKAM,WPT,IMKAM,-31.23888889,15.00861111
ZA,ITLIK,WPT,ITLIK,-35.26666667,14.99916667
ZA,ITMEK,WPT,ITMEK,-34.2,15
ZA,IRIRO,WPT,IRIRO,-60,-53
ZA,NEPUM,WPT,NEPUM,-32.26416667,32.46194444
ZA,NERAX,WPT,NERAX,-36.01861111,29.02777778
ZA,NEVEP,WPT,Additional AORRA Entry/EXIT gates - ref S046/11,-20.33333333,12.23456667
ZA,NIBEK,WPT,NIBEK,-22.97527778,13.215
ZA,NIGAM,WPT,NIGAM,-26.56561111,14.61944444
ZA,OKDOG,WPT,OKDOG,-33.08333333,15
ZA,OKTEL,WPT,OKTEL,-28.13161389,15
ZA,ONTAR,WPT,ONTAR,-9.666666667,11.4
ZA,OPAPO,WPT,OPAPO,-7.8,11.5
ZA,OSUKO,WPT,OSUKO,-9.016944444,-1.601111111
ZA,POLVA,WPT,POLVA,-18.59,-38.52
ZA,PORGA,WPT,PORGA,-18.68,-38.24333333
ZA,SISET,WPT,SISET,-13.1275,-13.05805556
ZA,TERBA,WPT,TERBA,-4.785833333,0.583333333
ZA,URAPI,WPT,URAPI,-9.818611111,-3.801944444
ZA,UVGOD,WPT,UVGOD,-29.16201944,15
ZA,ANTOM,WPT,ANTOM,-29.83333333,15
ZA,ANVED,WPT,ANVED,-31.16096389,33.10961944
ZA,APLUK,WPT,&nbsp;,-28.87027778,34.42555556
ZA,ATLOP,WPT,ATLOP,-21.46333333,60.09666667
ZA,AVANA,WPT,AVANA,-37,26
ZA,AXOTA,WPT,AXOTA,-25.905,50
ZA,EGSOX,WPT,EGSOX,-28.39220833,34.69205
ZA,EGVOL,WPT,EGVOL,-34.04694444,31.02944444
ZA,EPNET,WPT,EPNET,-37.00944444,23.98444444
ZA,ETBOR,WPT,ETBOR,-37.00138889,27.71166667
ZA,GEPAB,WPT,GEPAB,-37.01138889,18.51166667
ZA,GEPEV,WPT,GEPEV,-35.07833333,29.98666667
ZA,GEVIS,WPT,GEVIS,-29.69374722,33.96043333
ZA,IMKAM,WPT,IMKAM,-31.23894444,15.00861111
ZA,MERIB,WPT,MERIB,-30.06666667,112.7516667
ZA,NEPUM,WPT,NEPUM,-32.26416667,32.46194444
ZA,NERAX,WPT,NERAX,-36.01861111,29.02777778
ZA,STUGE,WPT,STUGE,-31.81333333,113.42
ZA,IBMAD,WPT,IBMAD,-29.27504189,26.41551297
ZA,EGPID,WPT,EGPID,-29.27383203,26.18682892
ZA,UNRIM,WPT,UNRIM,-29.37473564,26.30047956
ZA,BL1T1,WPT,BL1T1,-29.27448586,26.30117019
ZA,BL1F1,WPT,BL1F1,-29.19094325,26.30174425
ZA,BL1MP,WPT,BL1MP,-29.10507778,26.30232778
ZA,BL001,WPT,BL001,-29.00343056,26.30303056
ZA,UNLOD,WPT,UNLOD,-28.91815278,26.4176
ZA,IMGUR,WPT,IMGUR,-28.81794444,26.30435833
ZA,DUGSO,WPT,DUGSO,-28.91762778,26.1897
ZA,BL2T1,WPT,BL2T1,-28.9182,26.30365
ZA,BL2MP,WPT,BL2MP,-29.08195556,26.30249167
ZA,BL2F1,WPT,BL2F1,-29.00174722,26.30305833
ZA,DUKVO,WPT,&nbsp;,-34.12226667,24.67584167
ZA,CF1T1,WPT,CF1T1,-34.20481111,24.69081389
ZA,XABIS,WPT,XABIS,-34.28735278,24.70581667
ZA,GENUB,WPT,GENUB,-34.21722222,24.59144722
ZA,CF1F1,WPT,CF1F1,-34.19482222,24.77028333
ZA,RW10,WPT,RW10,-34.18729806,24.82987556
ZA,XAMTA,WPT,XAMTA,-34.250625,24.99599444
ZA,CF2T1,WPT,CF2T1,-34.16811667,24.98071389
ZA,AXALU,WPT,AXALU,-34.08560556,24.96546667
ZA,CF2F1,WPT,CF2F1,-34.17823889,24.90129444
ZA,RW28,WPT,RW28,-34.18579944,24.84171528
ZA,OKLEM,WPT,&nbsp;,-33.73448611,18.88051472
ZA,CT524,WPT,&nbsp;,-33.82104,18.81942167
ZA,CT606,WPT,&nbsp;,-33.98591694,18.75906694
ZA,CT604,WPT,&nbsp;,-33.99769111,18.75278361
ZA,CT602,WPT,&nbsp;,-34.00780778,18.65280139
ZA,RW34,WPT,&nbsp;,-33.97226222,18.61043444
ZA,CT612,WPT,&nbsp;,-33.94262861,18.57515667
ZA,CT614,WPT,&nbsp;,-33.91323167,18.56062833
ZA,CT616,WPT,&nbsp;,-33.896535,18.56062833
ZA,CT618,WPT,&nbsp;,-33.83225139,18.50236778
ZA,RIV,WPT,&nbsp;,-33.79956944,18.36447222
ZA,OKLEM,WPT,&nbsp;,-33.73448611,18.88051472
ZA,CT422,WPT,&nbsp;,-33.76038444,18.84203972
ZA,CT414,WPT,&nbsp;,-33.78655611,18.7913775
ZA,CT412,WPT,&nbsp;,-33.82384889,18.71905167
ZA,CT410,WPT,&nbsp;,-33.85014889,18.66796583
ZA,CT408,WPT,&nbsp;,-33.88251778,18.60499194
ZA,CT402,WPT,&nbsp;,-33.91948278,18.58726722
ZA,APKUV,WPT,&nbsp;,-34.00279417,19.19623583
ZA,CT418,WPT,&nbsp;,-33.92430722,19.0315725
ZA,CT416,WPT,&nbsp;,-33.81360222,18.94197278
ZA,RW19,WPT,&nbsp;,-33.95984139,18.60005028
ZA,CT426,WPT,&nbsp;,-34.034465,18.62371917
ZA,CT428,WPT,&nbsp;,-34.05751778,18.48632139
ZA,CT430,WPT,&nbsp;,-33.94177917,18.46680528
ZA,CT432,WPT,&nbsp;,-33.89869639,18.44657611
ZA,RIV,WPT,&nbsp;,-33.79956944,18.36447222
ZA,OKLEM,WPT,&nbsp;,-33.73448611,18.88051472
ZA,CT524,WPT,&nbsp;,-33.82104,18.81942167
ZA,CT522,WPT,&nbsp;,-34.0380175,18.73995194
ZA,CT520,WPT,&nbsp;,-34.06431,18.71707306
ZA,CT500,WPT,&nbsp;,-34.03616111,18.62426139
ZA,RW01,WPT,&nbsp;,-33.987735,18.6088925
ZA,CT402,WPT,&nbsp;,-33.91948278,18.58726722
ZA,CT406,WPT,&nbsp;,-33.831955,18.48719389
ZA,RIV,WPT,&nbsp;,-33.79956944,18.36447222
ZA,RIV,WPT,&nbsp;,-33.79956944,18.36447222
ZA,CT534,WPT,&nbsp;,-33.9894775,18.43772111
ZA,CT532,WPT,&nbsp;,-34.07370333,18.47031806
ZA,CT530,WPT,&nbsp;,-34.11991417,18.5433575
ZA,CT528,WPT,&nbsp;,-34.11510306,18.57676889
ZA,CT500,WPT,&nbsp;,-34.03616111,18.62426139
ZA,RW01,WPT,&nbsp;,-33.987735,18.6088925
ZA,CT402,WPT,&nbsp;,-33.91948278,18.58726722
ZA,CT406,WPT,&nbsp;,-33.831955,18.48719389
ZA,OKLAS,WPT,&nbsp;,-33.64208333,18.499725
ZA,UTREV,WPT,UTREV,-33.76789722,18.41184167
ZA,NESIK,WPT,NESIK,-33.71540278,18.65033889
ZA,C2T1,WPT,C2T1,-33.74170833,18.53112778
ZA,CT2F1,WPT,CT2F1,-33.84090556,18.562425
ZA,CT2SD,WPT,CT2SD,-33.89570556,18.57974722
ZA,RW19,WPT,RW19,-33.95983889,18.60005
ZA,CT2M1,WPT,CT2M1,-34.19825278,18.67580833
ZA,CT2M2,WPT,CT2M2,-34.247,18.45206667
ZA,EKBEV,WPT,EKBEV,-34.19993333,18.53279722
ZA,CT1T1,WPT,CT1T1,-34.17048889,18.66696667
ZA,IBGEL,WPT,IBGEL,-34.28196389,18.70251944
ZA,UTIRO,WPT,UTIRO,-34.1409,18.80104167
ZA,CT1F1,WPT,CT1F1,-34.06912778,18.634725
ZA,CT1SD,WPT,CT1SD,-34.02971064,18.62220036
ZA,RW01,WPT,RW01,-33.98773889,18.60889167
ZA,CT1M1,WPT,CT1M1,-33.92962514,18.59046842
ZA,CT1M2,WPT,CT1M2,-33.97030833,18.30447778
ZA,ETMOT,WPT,&nbsp;,-32.96057778,27.60383333
ZA,IBMON,WPT,IBMON,-33.07356389,27.50233611
ZA,OKBUR,WPT,OKBUR,-33.15905278,27.63661389
ZA,EL1T1,WPT,EL1T1,-33.05981667,27.62020556
ZA,EL1F1,WPT,EL1F1,-33.04827778,27.7184
ZA,EL1MP,WPT,EL1MP,-33.03721111,27.81192222
ZA,EL1M1,WPT,EL1M1,-33.01829722,27.96827778
ZA,EL1M2,WPT,EL1M2,-33.18521389,27.99699167
ZA,EGRAL,WPT,EGRAL,-33.11066111,28.04391667
ZA,IMVAV,WPT,IMVAV,-32.99723611,28.14476389
ZA,UTABU,WPT,UTABU,-32.91229167,28.01024167
ZA,EL2T1,WPT,EL2T1,-33.01147778,28.02706111
ZA,EL2F1,WPT,EL2F1,-33.02326111,27.92894722
ZA,EL2MP,WPT,EL2MP,-33.03476944,27.832475
ZA,EL2M1,WPT,EL2M1,-33.05326667,27.67602222
ZA,EL2M2,WPT,EL2M2,-33.22867222,27.70516111
ZA,AVEPA,WPT,AVEPA,-32.69848306,26.36846972
ZA,FO1M1,WPT,FO1M1,-32.78335167,26.79054306
ZA,FO1T1,WPT,FO1T1,-32.79863139,26.37337278
ZA,TEXER,WPT,TEXER,-32.80272,26.25479167
ZA,UVGED,WPT,UVGED,-32.89877833,26.378285
ZA,FO1F1,WPT,FO1F1,-32.79513833,26.47218333
ZA,FO1SD,WPT,FO1SD,-32.793005,26.53146667
ZA,RW11,WPT,RW11,-32.79156722,26.57098722
ZA,UVKIX,WPT,UVKIX,-32.68881028,26.81664389
ZA,FO2T1,WPT,FO2T1,-32.78224,26.82146778
ZA,GEXUN,WPT,GEXUN,-32.77811194,26.93206361
ZA,ANVOB,WPT,ANVOB,-32.87566806,26.82630194
ZA,FO2F1,WPT,FO2F1,-32.78726833,26.68716694
ZA,RW29,WPT,RW29,-32.79107389,26.58445889
ZA,FO2M1,WPT,FO2M1,-32.79867167,26.37705028
ZA,ATUDI,WPT,ATUDI,-33.91146667,22.05846667
ZA,GG1T1,WPT,GG1T1,-34.01153056,22.06539444
ZA,EGMEP,WPT,EGMEP,-34.12553333,21.79078611
ZA,UTELU,WPT,UTELU,-34.1117,22.06688056
ZA,GG1F1,WPT,GG1F1,-34.00950278,22.25134722
ZA,RW11,WPT,RW11,-34.00591667,22.36639444
ZA,GG1M1,WPT,GG1M1,-34.00248806,22.47655278
ZA,GG1M2,WPT,GG1M2,-34.12871969,22.48248356
ZA,IMPEG,WPT,IMPEG,-33.99338889,22.74404306
ZA,ETLAG,WPT,ETLAG,-33.998175,22.60382694
ZA,TILAS,WPT,TILAS,-34.11496944,22.60949
ZA,GG2F1,WPT,GG2F1,-34.00149722,22.50365889
ZA,RW29,WPT,RW29,-34.00518972,22.38932444
ZA,GG2M1,WPT,GG2M1,-34.01059444,22.21562583
ZA,GG2M2,WPT,GG2M2,-34.18443194,22.22326944
ZA,GG362,WPT,GG362,-33.80915461,22.49171267
ZA,GG364,WPT,GG364,-34.11094097,22.22395261
ZA,UDGOM,WPT,UDGOM,-28.93605833,30.64693056
ZA,GY2T1,WPT,GY2T1,-28.99135833,30.71814444
ZA,IBLUX,WPT,IBLUX,-28.92870556,30.78098333
ZA,ETMUP,WPT,ETMUP,-29.04662222,30.78943056
ZA,GY2F1,WPT,GY2F1,-29.05398611,30.655225
ZA,GY2MP,WPT,GY2MP,-29.11032222,30.59853611
ZA,GY2T2,WPT,GY2T2,-29.02308889,30.68627778
ZA,GY2F2,WPT,GY2F2,-29.08796389,30.62104444
ZA,ETBAB,WPT,ETBAB,-28.99048611,24.87966389
ZA,KM361,WPT,KM361,-28.73246944,24.76494444
ZA,KM362,WPT,KM362,-28.55536667,25.29099167
ZA,UVKIS,WPT,UVKIS,-28.990975,24.65160278
ZA,NIDUN,WPT,NIDUN,-29.09103333,24.76590278
ZA,KM1T1,WPT,KM1T1,-28.99077778,24.76563333
ZA,KM1F1,WPT,KM1F1,-28.90684722,24.76540833
ZA,KM1MP,WPT,KM1MP,-28.82026667,24.765175
ZA,KM1M1,WPT,KM1M1,-28.76812222,24.76503611
ZA,GADSO,WPT,GADSO,-28.62452222,24.87829444
ZA,KM2T1,WPT,KM2T1,-28.62479722,24.76466389
ZA,IBSIX,WPT,IBSIX,-28.52453333,24.7644
ZA,UNKUR,WPT,UNKUR,-28.624975,24.65103056
ZA,KM2F1,WPT,KM2F1,-28.70873056,24.76488333
ZA,KM2SD,WPT,KM2SD,-28.75004722,24.76498056
ZA,KM2MP,WPT,KM2MP,-28.79318611,24.76510278
ZA,KM2M1,WPT,KM2M1,-28.860025,24.76528333
ZA,LA1N1,WPT,LA1N1,-25.99937222,27.67108889
ZA,LA1T1,WPT,LA1T1,-26.08123333,27.75303056
ZA,LA1N2,WPT,LA1N2,-26.15525556,27.66235278
ZA,LA1N3,WPT,LA1N3,-26.16304444,27.83508611
ZA,LA1F1,WPT,LA1F1,-26.02353611,27.82358333
ZA,LA1MP,WPT,LA1MP,-25.94828889,27.91543056
ZA,LA2N1,WPT,LA2N1,-25.8793315,27.83787392
ZA,LA2N2,WPT,LA2N2,-25.82278508,27.90590144
ZA,LA2T1,WPT,LA2T1,-25.86292778,27.99594294
ZA,LA2R1,WPT,LA2R1,-25.86083333,27.94112961
ZA,LA2F1,WPT,LA2F1,-25.89516111,27.87426186
ZA,LA2RC,WPT,LA2RC,-25.86095556,27.94463792
ZA,RW25,WPT,RW25,-25.93043056,27.93693958
ZA,LA1N2,WPT,LA1N2,-26.15525556,27.66235278
ZA,LE1N1,WPT,LE1N1,-29.73825556,30.85232778
ZA,LE1T1,WPT,LE1T1,-29.80422222,30.95129722
ZA,LE1N2,WPT,LE1N2,-29.890575,30.87564167
ZA,LE1N3,WPT,LE1N3,-29.87011944,31.0504
ZA,LE1F1,WPT,LE1F1,-29.73619167,31.01079444
ZA,LE1MP,WPT,LE1MP,-29.63037222,31.10311389
ZA,LE1M1,WPT,LE1M1,-29.49873333,31.21759722
ZA,LE1M2,WPT,LE1M2,-29.607775,31.38203333
ZA,LE2N1,WPT,LE2N1,-29.484725,31.38565
ZA,LE2T1,WPT,LE2T1,-29.41907778,31.28668333
ZA,LE2N2,WPT,LE2N2,-29.33246944,31.36165
ZA,LE2N3,WPT,LE2N3,-29.35336111,31.18784444
ZA,LE2F1,WPT,LE2F1,-29.48725278,31.22757222
ZA,LE2MP,WPT,LE2MP,-29.59848889,31.13087778
ZA,LE2M1,WPT,LE2M1,-29.72472222,31.02080556
ZA,LE2M2,WPT,LE2M2,-29.83401111,31.18536944
ZA,ESPUB,WPT,ESPUB,-33.142175,18.05599722
ZA,LW1T1,WPT,LW1T1,-33.14260556,18.16191944
ZA,IMTUG,WPT,IMTUG,-33.23321111,18.15968333
ZA,UDPAN,WPT,UDPAN,-33.14593889,18.26784722
ZA,LW1F1,WPT,LW1F1,-33.06022778,18.16401944
ZA,LW1MP,WPT,LW1MP,-32.97926944,18.16604444
ZA,LW1M1,WPT,LW1M1,-32.87909722,18.16854444
ZA,LW1M2,WPT,LW1M2,-32.88111389,18.32684167
ZA,UTRAP,WPT,UTRAP,-25.6624,31.44054453
ZA,MN361,WPT,MN361,-25.61778333,31.41445781
ZA,MN1T1,WPT,MN1T1,-25.54421944,31.37149378
ZA,APNUP,WPT,APNUP,-25.65749722,31.29307847
ZA,MN362,WPT,MN362,-25.613825,31.36964059
ZA,MN1F1,WPT,MN1F1,-25.50903611,31.44478703
ZA,MN1MP,WPT,MN1MP,-25.48337778,31.53243461
ZA,MN1M1,WPT,MN1M1,-25.37595556,31.67389978
ZA,UVBUV,WPT,UVBUV,-25.44154167,31.67112811
ZA,IMPUG,WPT,IMPUG,-25.31907222,31.74861519
ZA,MN2T1,WPT,MN2T1,-25.41934167,31.74553375
ZA,EGNUN,WPT,EGNUN,-25.38764444,31.85031164
ZA,OKBUD,WPT,OKBUD,-25.49793611,31.81418533
ZA,MN2F1,WPT,MN2F1,-25.44575278,31.658196
ZA,MN2MP,WPT,MN2MP,-25.47213889,31.57083008
ZA,EGPAX,WPT,EGPAX,-34.45985556,20.02511111
ZA,IBMAV,WPT,IBMAV,-34.32053333,20.05647778
ZA,TEVUS,WPT,TEVUS,-34.34638056,20.22430833
ZA,OB1T1,WPT,OB1T1,-34.40315833,20.12477778
ZA,OB1F1,WPT,OB1F1,-34.47193611,20.18187222
ZA,OB1SD,WPT,OB1SD,-34.502,20.20686667
ZA,RW17,WPT,RW17,-34.55416389,20.25028889
ZA,OB1M1,WPT,OB1M1,-34.62288333,20.30759167
ZA,OB1M2,WPT,OB1M2,-34.69393056,20.18281944
ZA,AVOBI,WPT,AVOBI,-34.78539722,20.29600833
ZA,DUTLI,WPT,DUTLI,-34.81085,20.46493611
ZA,UVIXI,WPT,UVIXI,-34.67147222,20.49560278
ZA,OB2T1,WPT,OB2T1,-34.72847778,20.39587222
ZA,OB2F1,WPT,OB2F1,-34.65980278,20.338425
ZA,RWY35,WPT,RWY35,-34.57724722,20.26952222
ZA,OB2M1,WPT,OB2M1,-34.50851111,20.21228333
ZA,OB2M2,WPT,OB2M2,-34.577575,20.09093056
ZA,SUPON,WPT,"&nbsp;

FAOR RNAV GNSS",-26.73530833,28.07061389
ZA,VEKOP,WPT,"&nbsp;

FAOR RNAV GNSS",-26.61272222,27.90858889
ZA,ETLIG,WPT,"&nbsp;

FAOR RNAV GNSS",-26.69666667,28.28305556
ZA,JS2T1,WPT,JS2T1,-26.65482222,28.09575833
ZA,JS2F1,WPT,JS2F1,-26.28819444,28.20986111
ZA,JS2MP,WPT,JS2MP,-26.16477222,28.24811389
ZA,JS2M1,WPT,JS2M1,-25.98611667,28.30335
ZA,JS2M2,WPT,JS2M2,-26.03366111,28.49248333
ZA,JS017,WPT,JS017,-26.51537222,28.33301944
ZA,NIGOS,WPT,NIGOS,-25.84195278,28.34780556
ZA,ETGAV,WPT,"&nbsp;

FAOR RNAV GNSS",-25.95632778,28.45729722
ZA,UVLOG,WPT,"&nbsp;

FAOR RNAV GNSS",-25.88851111,28.18878056
ZA,JS3T1,WPT,JS3T1,-25.92248056,28.32298889
ZA,JS3F1,WPT,JS3F1,-26.01275556,28.29510833
ZA,JS3MP,WPT,JS3MP,-26.13517778,28.25727778
ZA,JS3M1,WPT,JS3M1,-26.29022778,28.20923333
ZA,JS3M2,WPT,JS3M2,-26.34783889,28.43859444
ZA,PE361,WPT,&nbsp;,-33.76218911,25.34697611
ZA,APKAS,WPT,&nbsp;,-34.14468883,25.30799958
ZA,UTSIR,WPT,&nbsp;,-34.00663889,25.346975
ZA,NERUR,WPT,&nbsp;,-34.17697222,25.47376944
ZA,UNKIL,WPT,&nbsp;,-34.09182414,25.41030947
ZA,PE1F1,WPT,PE1F1,-34.03905,25.51262328
ZA,PE1MP,WPT,PE1MP,-33.99299722,25.60167222
ZA,PE1M1,WPT,PE1M1,-33.95267222,25.67946944
ZA,PE1M2,WPT,PE1M2,-34.06324444,25.76209036
ZA,TESUP,WPT,&nbsp;,-33.80226944,25.74189444
ZA,UNRAD,WPT,&nbsp;,-33.97240556,25.868775
ZA,TIBIP,WPT,&nbsp;,-33.88735611,25.80527319
ZA,DURKI,WPT,DURKI,-33.83440556,25.90721192
ZA,PE2F1,WPT,PE2F1,-33.94030833,25.70327222
ZA,PE2MP,WPT,PE2MP,-33.984425,25.61821667
ZA,PE2M1,WPT,PE2M1,-34.02558889,25.53870078
ZA,PE2M2,WPT,PE2M2,-34.13614722,25.621415
ZA,DUDMA,WPT,DUDMA,-29.35538333,30.17526667
ZA,NIBAL,WPT,NIBAL,-29.50168889,30.26744444
ZA,ESTEX,WPT,ESTEX,-29.39896111,30.41800278
ZA,PM1F1,WPT,PM1F1,-29.55441667,30.3144
ZA,PM1F2,WPT,PM1F2,-29.58208889,30.339075
ZA,PM1MP,WPT,PM1MP,-29.63453889,30.38588056
ZA,THR16,WPT,THR16,-29.64343056,30.39382222
ZA,NEXAB,WPT,"&nbsp;

FAPM RNAV GNSS",-29.68301944,30.67215556
ZA,AVUSO,WPT,AVUSO,-29.95056111,30.55474722
ZA,NIGIL,WPT,NIGIL,-29.78603056,30.52143333
ZA,PM2F1,WPT,PM2F1,-29.72021389,30.462475
ZA,PM2MP,WPT,PM2MP,-29.65436944,30.40359444
ZA,EPRUP,WPT,EPRUP,-23.92648778,29.25136864
ZA,PP1T1,WPT,PP1T1,-23.98821508,29.33743081
ZA,IMGAK,WPT,IMGAK,-24.06730883,29.27023147
ZA,UDBIM,WPT,UDBIM,-24.04989353,29.42357506
ZA,PP1T2,WPT,PP1T2,-23.94201944,29.37662778
ZA,PP1F1,WPT,PP1F1,-23.91828794,29.39675236
ZA,PP1MP,WPT,PP1MP,-23.86419211,29.44258619
ZA,RW05,WPT,RW05,-23.85880908,29.44714433
ZA,PP1M1,WPT,PP1M1,-23.78896944,29.50627778
ZA,PP1M2,WPT,PP1M2,-23.70159,29.38438311
ZA,IXEPI,WPT,IXEPI,-27.57916667,22.95733333
ZA,XATKU,WPT,XATKU,-27.38083333,23.4075
ZA,UNGEX,WPT,UNGEX,-27.725,23.04866667
ZA,XASMI,WPT,XASMI,-27.6295,23.4725
ZA,IMSUL,WPT,IMSUL,-27.34316667,24.3685
ZA,UVMAP,WPT,UVMAP,-27.51149914,22.82508425
ZA,TEVUD,WPT,TEVUD,-27.42743925,22.87674517
ZA,GADPA,WPT,GADPA,-27.44193003,22.98295206
ZA,SS1T1,WPT,SS1T1,-27.50236033,22.91824119
ZA,SS1F1,WPT,SS1F1,-27.56229622,22.95145919
ZA,SS1MP,WPT,SS1MP,-27.63690675,22.99284878
ZA,UTREX,WPT,UTREX,-24.97222222,31.25502778
ZA,SZ1N1,WPT,SZ1N1,-24.89183056,31.46706306
ZA,SZ1T1,WPT,SZ1T1,-24.86394444,31.54035806
ZA,SZ1F1,WPT,SZ1F1,-24.91038611,31.56346361
ZA,SZ1MP,WPT,SZ1MP,-24.95530278,31.58582722
ZA,SZ1M1,WPT,SZ1M1,-25.0154,31.42792778
ZA,GETIM,WPT,GETIM,-25.09298889,31.555925
ZA,SZ2T1,WPT,SZ2T1,-25.05868333,31.63736556
ZA,SZ2F1,WPT,SZ2F1,-25.01225278,31.61420694
ZA,SZ2MP,WPT,SZ2MP,-24.96733889,31.59182361
ZA,GEVUX,WPT,GEVUX,-26.96297222,22.47563361
ZA,EGSUV,WPT,EGSUV,-27.01715,22.31107278
ZA,TIKIG,WPT,TIKIG,-27.01691389,22.40438278
ZA,TW1F1,WPT,TW1F1,-27.11103333,22.44304806
ZA,TW1F2,WPT,TW1F2,-27.1424,22.45594833
ZA,TW1MP,WPT,TW1MP,-27.18945833,22.47531972
ZA,NEVUL,WPT,NEVUL,-27.44253889,22.48598278
ZA,IBMES,WPT,IBMES,-27.38855833,22.55746639
ZA,UTSIT,WPT,UTSIT,-27.38815833,22.65108444
ZA,TW2F1,WPT,TW2F1,-27.294475,22.51860806
ZA,TW2MP,WPT,TW2MP,-27.21606111,22.48627611
ZA,UP1N1,WPT,UP1N1,-28.66302778,21.31502222
ZA,UP1T1,WPT,UP1T1,-28.57105,21.36024722
ZA,UP1N2,WPT,UP1N2,-28.52615,21.46177778
ZA,UP1F1,WPT,UP1F1,-28.49631944,21.31793333
ZA,UP1MP,WPT,UP1MP,-28.41938889,21.27444444
ZA,UTURA,WPT,UTURA,-31.40564444,28.30768389
ZA,ESTUB,WPT,ESTUB,-31.57115,28.38144306
ZA,OKDUX,WPT,OKDUX,-31.34235556,28.50054806
ZA,DUNVI,WPT,DUNVI,-31.45676667,28.44106556
ZA,UT1T2,WPT,UT1T2,-31.47988889,28.50142611
ZA,UT1F1,WPT,UT1F1,-31.49765556,28.54782972
ZA,UT1F2,WPT,UT1F2,-31.52461389,28.61822583
ZA,RW14,WPT,RW14,-31.54163889,28.6627475
ZA,USUNI,WPT,USUNI,-31.74704722,28.84262528
ZA,IMPAP,WPT,IMPAP,-31.63266111,28.90236583
ZA,TILET,WPT,TILET,-31.68364167,29.03614361
ZA,EGPEB,WPT,EGPEB,-31.51825,28.96196583
ZA,UT2F1,WPT,UT2F1,-31.59164722,28.79480194
ZA,RW32,WPT,RW32,-31.55085278,28.68788472
ZA,IMSOL,WPT,IMSOL,-25.74413992,28.39269386
ZA,WB2T1,WPT,WB2T1,-25.65983706,28.37844017
ZA,TIKUT,WPT,TIKUT,-25.58467022,28.38212222
ZA,ETUPU,WPT,ETUPU,-25.66429167,28.48895389
ZA,WB2F1,WPT,WB2F1,-25.65609722,28.28626111
ZA,RW29,WPT,RW29,-25.65382778,28.23097778
ZA,WB2M1,WPT,WB2M1,-25.57020433,28.29117278
ZA,NIGOS,WPT,&nbsp;,-25.84195278,28.34780556
ZA,UVMAV,WPT,UVMAV,-25.9893,28.15387222
ZA,WK1T1,WPT,WK1T1,-25.97768889,28.24545278
ZA,OKNUM,WPT,OKNUM,-26.06045556,28.25833889
ZA,IMPUT,WPT,IMPUT,-25.96601944,28.33701667
ZA,WK1F1,WPT,WK1F1,-25.89491944,28.23258611
ZA,WK1MP,WPT,WK1MP,-25.84408611,28.22469167
ZA,WK1M1,WPT,WK1M1,-25.72824167,28.20672778
ZA,WK1M2,WPT,WK1M2,-25.70818056,28.36388333
ZA,DUVGO,WPT,&nbsp;,-25.6646,28.29001111
ZA,WK2T1,WPT,WK2T1,-25.67623889,28.198675
ZA,OKMES,WPT,OKMES,-25.59346389,28.18586944
ZA,UNGEL,WPT,UNGEL,-25.68782222,28.10731944
ZA,WK2F1,WPT,WK2F1,-25.75939722,28.21155556
ZA,WK2MP,WPT,WK2MP,-25.814125,28.22004167
ZA,WK2M1,WPT,WK2M1,-25.93000556,28.23803889
ZA,WK2M2,WPT,WK2M2,-25.90823333,28.40826111
ZA,ERDAT,WPT,ERDAT,-25.79111111,28.33666667
